index,path,sign,total_frame
3.0,data/abyan/raw_landmarks/Minum Obat Sakit Perut_3.parquet,perut,30
7.0,data/abyan/raw_landmarks/Minum Obat Sakit Perut_7.parquet,perut,28
11.0,data/abyan/raw_landmarks/Minum Obat Sakit Perut_11.parquet,perut,33
15.0,data/abyan/raw_landmarks/Minum Obat Sakit Perut_15.parquet,perut,35
19.0,data/abyan/raw_landmarks/Minum Obat Sakit Perut_19.parquet,perut,37
22.0,data/abyan/raw_landmarks/Resep Obat Demam_2.parquet,demam,36
25.0,data/abyan/raw_landmarks/Resep Obat Demam_5.parquet,demam,30
28.0,data/abyan/raw_landmarks/Resep Obat Demam_8.parquet,demam,35
31.0,data/abyan/raw_landmarks/Resep Obat Demam_11.parquet,demam,35
34.0,data/abyan/raw_landmarks/Resep Obat Demam_14.parquet,demam,25
37.0,data/abyan/raw_landmarks/Resep Obat Demam_17.parquet,demam,23
41.0,data/abyan/raw_landmarks/Resep Obat Sakit Gigi_3.parquet,gigi,23
45.0,data/abyan/raw_landmarks/Resep Obat Sakit Gigi_7.parquet,gigi,24
48.0,data/abyan/raw_landmarks/Resep Obat Sakit Gigi_10.parquet,gigi,26
51.0,data/abyan/raw_landmarks/Resep Obat Sakit Gigi_13.parquet,gigi,33
54.0,data/abyan/raw_landmarks/Resep Obat Sakit Gigi_16.parquet,gigi,29
57.0,data/abyan/raw_landmarks/Resep Obat Sakit Gigi_19.parquet,gigi,25
61.0,data/abyan/raw_landmarks/Resep Obat Sakit Kepala_3.parquet,kepala,26
65.0,data/abyan/raw_landmarks/Resep Obat Sakit Kepala_7.parquet,kepala,24
69.0,data/abyan/raw_landmarks/Resep Obat Sakit Kepala_11.parquet,kepala,24
72.0,data/abyan/raw_landmarks/Minum Obat Demam_2.parquet,demam,32
75.0,data/abyan/raw_landmarks/Minum Obat Demam_5.parquet,demam,45
78.0,data/abyan/raw_landmarks/Minum Obat Demam_8.parquet,demam,39
81.0,data/abyan/raw_landmarks/Minum Obat Demam_11.parquet,demam,26
84.0,data/abyan/raw_landmarks/Minum Obat Demam_14.parquet,demam,33
87.0,data/abyan/raw_landmarks/Minum Obat Demam_17.parquet,demam,29
91.0,data/abyan/raw_landmarks/Minum Obat Sakit Kepala_3.parquet,kepala,22
95.0,data/abyan/raw_landmarks/Minum Obat Sakit Kepala_7.parquet,kepala,22
99.0,data/abyan/raw_landmarks/Minum Obat Sakit Kepala_11.parquet,kepala,27
103.0,data/abyan/raw_landmarks/Minum Obat Sakit Kepala_15.parquet,kepala,24
107.0,data/abyan/raw_landmarks/Minum Obat Sakit Kepala_19.parquet,kepala,24
111.0,data/abyan/raw_landmarks/Minum Obat Sakit Gigi_3.parquet,gigi,24
115.0,data/abyan/raw_landmarks/Minum Obat Sakit Gigi_7.parquet,gigi,26
119.0,data/abyan/raw_landmarks/Minum Obat Sakit Gigi_11.parquet,gigi,23
123.0,data/abyan/raw_landmarks/Minum Obat Sakit Gigi_15.parquet,gigi,26
127.0,data/abyan/raw_landmarks/Minum Obat Sakit Gigi_19.parquet,gigi,33
131.0,data/abyan/raw_landmarks/Minum Obat Sakit Gigi_23.parquet,gigi,28
134.0,data/abyan/raw_landmarks/Resep Obat Batuk_2.parquet,batuk,31
137.0,data/abyan/raw_landmarks/Resep Obat Batuk_5.parquet,batuk,34
140.0,data/abyan/raw_landmarks/Resep Obat Batuk_8.parquet,batuk,22
143.0,data/abyan/raw_landmarks/Resep Obat Batuk_11.parquet,batuk,22
146.0,data/abyan/raw_landmarks/Resep Obat Batuk_14.parquet,batuk,26
149.0,data/abyan/raw_landmarks/Resep Obat Batuk_17.parquet,batuk,25
153.0,data/abyan/raw_landmarks/Resep Obat Sakit Kepala 2_3.parquet,kepala,29
157.0,data/abyan/raw_landmarks/Resep Obat Sakit Kepala 2_7.parquet,kepala,30
161.0,data/abyan/raw_landmarks/Resep Obat Sakit Kepala 2_11.parquet,kepala,27
165.0,data/abyan/raw_landmarks/Resep Obat Sakit Perut_3.parquet,perut,25
169.0,data/abyan/raw_landmarks/Resep Obat Sakit Perut_7.parquet,perut,26
173.0,data/abyan/raw_landmarks/Resep Obat Sakit Perut_11.parquet,perut,24
177.0,data/abyan/raw_landmarks/Resep Obat Sakit Perut_15.parquet,perut,24
181.0,data/abyan/raw_landmarks/Resep Obat Sakit Perut_19.parquet,perut,22
184.0,data/abyan/raw_landmarks/Minum Obat Batuk_2.parquet,batuk,30
187.0,data/abyan/raw_landmarks/Minum Obat Batuk_5.parquet,batuk,57
190.0,data/abyan/raw_landmarks/Minum Obat Batuk_8.parquet,batuk,39
193.0,data/abyan/raw_landmarks/Minum Obat Batuk_11.parquet,batuk,34
196.0,data/abyan/raw_landmarks/Minum Obat Batuk_14.parquet,batuk,33
199.0,data/abyan/raw_landmarks/Minum Obat Batuk_17.parquet,batuk,38
203.0,data/dani/raw_landmarks/Minum Obat Sakit Perut_3.parquet,perut,39
207.0,data/dani/raw_landmarks/Minum Obat Sakit Perut_7.parquet,perut,49
211.0,data/dani/raw_landmarks/Minum Obat Sakit Perut_11.parquet,perut,25
215.0,data/dani/raw_landmarks/Minum Obat Sakit Perut_15.parquet,perut,32
219.0,data/dani/raw_landmarks/Minum Obat Sakit Perut_19.parquet,perut,23
223.0,data/dani/raw_landmarks/Minum Obat Sakit Perut_23.parquet,perut,36
226.0,data/dani/raw_landmarks/Minum Obat Batuk_2.parquet,batuk,30
229.0,data/dani/raw_landmarks/Minum Obat Batuk_5.parquet,batuk,48
232.0,data/dani/raw_landmarks/Minum Obat Batuk_8.parquet,batuk,33
235.0,data/dani/raw_landmarks/Minum Obat Batuk_11.parquet,batuk,33
238.0,data/dani/raw_landmarks/Minum Obat Batuk_14.parquet,batuk,33
241.0,data/dani/raw_landmarks/Minum Obat Batuk_17.parquet,batuk,26
246.0,data/dani/raw_landmarks/Minum Obat Demam_2.parquet,demam,37
249.0,data/dani/raw_landmarks/Minum Obat Demam_5.parquet,demam,42
252.0,data/dani/raw_landmarks/Minum Obat Demam_8.parquet,demam,52
255.0,data/dani/raw_landmarks/Minum Obat Demam_11.parquet,demam,49
258.0,data/dani/raw_landmarks/Minum Obat Demam_14.parquet,demam,42
261.0,data/dani/raw_landmarks/Minum Obat Demam_17.parquet,demam,37
264.0,data/dani/raw_landmarks/Minum Obat Demam_20.parquet,demam,33
267.0,data/dani/raw_landmarks/Minum Obat Demam_23.parquet,demam,38
271.0,data/dani/raw_landmarks/Minum Obat Sakit Gigi_3.parquet,gigi,24
275.0,data/dani/raw_landmarks/Minum Obat Sakit Gigi_7.parquet,gigi,31
278.0,data/dani/raw_landmarks/Minum Obat Sakit Gigi_10.parquet,gigi,31
282.0,data/dani/raw_landmarks/Minum Obat Sakit Gigi_14.parquet,gigi,35
286.0,data/dani/raw_landmarks/Minum Obat Sakit Gigi_18.parquet,gigi,37
290.0,data/dani/raw_landmarks/Minum Obat Sakit Gigi_22.parquet,gigi,39
294.0,data/dani/raw_landmarks/Minum Obat Sakit Gigi_26.parquet,gigi,37
298.0,data/dani/raw_landmarks/Minum Obat Sakit Kepala_3.parquet,kepala,35
302.0,data/dani/raw_landmarks/Minum Obat Sakit Kepala_7.parquet,kepala,33
306.0,data/dani/raw_landmarks/Minum Obat Sakit Kepala_11.parquet,kepala,34
310.0,data/dani/raw_landmarks/Minum Obat Sakit Kepala_15.parquet,kepala,31
314.0,data/dani/raw_landmarks/Minum Obat Sakit Kepala_19.parquet,kepala,38
317.0,data/dani/raw_landmarks/Resep Obat Batuk_2.parquet,batuk,38
320.0,data/dani/raw_landmarks/Resep Obat Batuk_5.parquet,batuk,35
323.0,data/dani/raw_landmarks/Resep Obat Batuk_8.parquet,batuk,32
326.0,data/dani/raw_landmarks/Resep Obat Batuk_11.parquet,batuk,32
329.0,data/dani/raw_landmarks/Resep Obat Batuk_14.parquet,batuk,34
332.0,data/dani/raw_landmarks/Resep Obat Batuk_17.parquet,batuk,39
335.0,data/dani/raw_landmarks/Resep Obat Demam_2.parquet,demam,47
338.0,data/dani/raw_landmarks/Resep Obat Demam_5.parquet,demam,52
341.0,data/dani/raw_landmarks/Resep Obat Demam_8.parquet,demam,46
344.0,data/dani/raw_landmarks/Resep Obat Demam_11.parquet,demam,42
347.0,data/dani/raw_landmarks/Resep Obat Demam_14.parquet,demam,54
350.0,data/dani/raw_landmarks/Resep Obat Demam_17.parquet,demam,34
354.0,data/dani/raw_landmarks/Resep Obat Sakit Gigi_3.parquet,gigi,36
358.0,data/dani/raw_landmarks/Resep Obat Sakit Gigi_7.parquet,gigi,30
365.0,data/dani/raw_landmarks/Resep Obat Sakit Gigi_14.parquet,gigi,35
369.0,data/dani/raw_landmarks/Resep Obat Sakit Gigi_18.parquet,gigi,39
373.0,data/dani/raw_landmarks/Resep Obat Sakit Gigi_22.parquet,gigi,40
377.0,data/dani/raw_landmarks/Resep Obat Sakit Kepala_3.parquet,kepala,37
381.0,data/dani/raw_landmarks/Resep Obat Sakit Kepala_7.parquet,kepala,49
385.0,data/dani/raw_landmarks/Resep Obat Sakit Kepala_11.parquet,kepala,40
389.0,data/dani/raw_landmarks/Resep Obat Sakit Kepala_15.parquet,kepala,41
393.0,data/dani/raw_landmarks/Resep Obat Sakit Kepala_19.parquet,kepala,41
396.0,data/dani/raw_landmarks/Resep Obat Sakit Kepala_22.parquet,kepala,38
400.0,data/dani/raw_landmarks/Resep Obat Sakit Perut_3.parquet,perut,30
404.0,data/dani/raw_landmarks/Resep Obat Sakit Perut_7.parquet,perut,28
408.0,data/dani/raw_landmarks/Resep Obat Sakit Perut_11.parquet,perut,38
411.0,data/dani/raw_landmarks/Resep Obat Sakit Perut_14.parquet,perut,21
415.0,data/dani/raw_landmarks/Resep Obat Sakit Perut_18.parquet,perut,33
419.0,data/dani/raw_landmarks/Resep Obat Sakit Perut_22.parquet,perut,26
423.0,data/dzikri/raw_landmarks/Minum Obat Sakit Kepala_3.parquet,kepala,37
427.0,data/dzikri/raw_landmarks/Minum Obat Sakit Kepala_7.parquet,kepala,34
431.0,data/dzikri/raw_landmarks/Minum Obat Sakit Kepala_11.parquet,kepala,39
435.0,data/dzikri/raw_landmarks/Minum Obat Sakit Kepala_15.parquet,kepala,29
439.0,data/dzikri/raw_landmarks/Minum Obat Sakit Kepala_19.parquet,kepala,30
443.0,data/dzikri/raw_landmarks/Minum Obat Sakit Kepala_23.parquet,kepala,34
447.0,data/dzikri/raw_landmarks/Minum Obat Sakit Perut_3.parquet,perut,32
451.0,data/dzikri/raw_landmarks/Minum Obat Sakit Perut_7.parquet,perut,32
455.0,data/dzikri/raw_landmarks/Minum Obat Sakit Perut_11.parquet,perut,29
459.0,data/dzikri/raw_landmarks/Minum Obat Sakit Perut_15.parquet,perut,31
463.0,data/dzikri/raw_landmarks/Minum Obat Sakit Perut_19.parquet,perut,30
467.0,data/dzikri/raw_landmarks/Minum Obat Sakit Perut_23.parquet,perut,32
470.0,data/dzikri/raw_landmarks/Minum Obat Batuk_2.parquet,batuk,28
473.0,data/dzikri/raw_landmarks/Minum Obat Batuk_5.parquet,batuk,27
476.0,data/dzikri/raw_landmarks/Minum Obat Batuk_8.parquet,batuk,29
479.0,data/dzikri/raw_landmarks/Minum Obat Batuk_11.parquet,batuk,24
482.0,data/dzikri/raw_landmarks/Minum Obat Batuk_14.parquet,batuk,24
485.0,data/dzikri/raw_landmarks/Minum Obat Demam_2.parquet,demam,31
488.0,data/dzikri/raw_landmarks/Minum Obat Demam_5.parquet,demam,36
491.0,data/dzikri/raw_landmarks/Minum Obat Demam_8.parquet,demam,31
494.0,data/dzikri/raw_landmarks/Minum Obat Demam_11.parquet,demam,29
497.0,data/dzikri/raw_landmarks/Minum Obat Demam_14.parquet,demam,29
500.0,data/dzikri/raw_landmarks/Minum Obat Demam_17.parquet,demam,28
504.0,data/dzikri/raw_landmarks/Minum Obat Sakit Gigi_3.parquet,gigi,26
508.0,data/dzikri/raw_landmarks/Minum Obat Sakit Gigi_7.parquet,gigi,29
512.0,data/dzikri/raw_landmarks/Minum Obat Sakit Gigi_11.parquet,gigi,28
516.0,data/dzikri/raw_landmarks/Minum Obat Sakit Gigi_15.parquet,gigi,27
520.0,data/dzikri/raw_landmarks/Minum Obat Sakit Gigi_19.parquet,gigi,24
528.0,data/dzikri/raw_landmarks/Resep Obat Sakit Perut_3.parquet,perut,42
532.0,data/dzikri/raw_landmarks/Resep Obat Sakit Perut_7.parquet,perut,37
536.0,data/dzikri/raw_landmarks/Resep Obat Sakit Perut_11.parquet,perut,37
540.0,data/dzikri/raw_landmarks/Resep Obat Sakit Perut_15.parquet,perut,32
544.0,data/dzikri/raw_landmarks/Resep Obat Sakit Perut_19.parquet,perut,40
548.0,data/dzikri/raw_landmarks/Resep Obat Sakit Perut_23.parquet,perut,34
551.0,data/dzikri/raw_landmarks/Resep Obat Batuk_2.parquet,batuk,32
554.0,data/dzikri/raw_landmarks/Resep Obat Batuk_5.parquet,batuk,31
557.0,data/dzikri/raw_landmarks/Resep Obat Batuk_8.parquet,batuk,33
560.0,data/dzikri/raw_landmarks/Resep Obat Batuk_11.parquet,batuk,38
563.0,data/dzikri/raw_landmarks/Resep Obat Batuk_14.parquet,batuk,33
566.0,data/dzikri/raw_landmarks/Resep Obat Batuk_17.parquet,batuk,32
570.0,data/dzikri/raw_landmarks/Resep Obat Sakit Gigi_3.parquet,gigi,30
574.0,data/dzikri/raw_landmarks/Resep Obat Sakit Gigi_7.parquet,gigi,30
578.0,data/dzikri/raw_landmarks/Resep Obat Sakit Gigi_11.parquet,gigi,28
582.0,data/dzikri/raw_landmarks/Resep Obat Sakit Gigi_15.parquet,gigi,28
586.0,data/dzikri/raw_landmarks/Resep Obat Sakit Gigi_19.parquet,gigi,28
590.0,data/dzikri/raw_landmarks/Resep Obat Sakit Kepala_3.parquet,kepala,45
594.0,data/dzikri/raw_landmarks/Resep Obat Sakit Kepala_7.parquet,kepala,32
598.0,data/dzikri/raw_landmarks/Resep Obat Sakit Kepala_11.parquet,kepala,32
602.0,data/dzikri/raw_landmarks/Resep Obat Sakit Kepala_15.parquet,kepala,36
606.0,data/dzikri/raw_landmarks/Resep Obat Sakit Kepala_19.parquet,kepala,30
610.0,data/dzikri/raw_landmarks/Resep Obat Sakit Kepala_23.parquet,kepala,32
614.0,data/dzikri/raw_landmarks/Resep Obat Sakit Kepala_27.parquet,kepala,34
618.0,data/imam/raw_landmarks/Minum Obat Sakit Kepala_3.parquet,kepala,41
622.0,data/imam/raw_landmarks/Minum Obat Sakit Kepala_7.parquet,kepala,44
626.0,data/imam/raw_landmarks/Minum Obat Sakit Kepala_11.parquet,kepala,43
630.0,data/imam/raw_landmarks/Minum Obat Sakit Kepala_15.parquet,kepala,41
634.0,data/imam/raw_landmarks/Minum Obat Sakit Kepala_19.parquet,kepala,38
638.0,data/imam/raw_landmarks/Minum Obat Sakit Perut_3.parquet,perut,40
642.0,data/imam/raw_landmarks/Minum Obat Sakit Perut_7.parquet,perut,40
646.0,data/imam/raw_landmarks/Minum Obat Sakit Perut_11.parquet,perut,29
650.0,data/imam/raw_landmarks/Minum Obat Sakit Perut_15.parquet,perut,31
654.0,data/imam/raw_landmarks/Minum Obat Sakit Perut_19.parquet,perut,37
657.0,data/imam/raw_landmarks/Minum Obat Batuk_2.parquet,batuk,26
660.0,data/imam/raw_landmarks/Minum Obat Batuk_5.parquet,batuk,28
663.0,data/imam/raw_landmarks/Minum Obat Batuk_8.parquet,batuk,30
666.0,data/imam/raw_landmarks/Minum Obat Batuk_11.parquet,batuk,33
669.0,data/imam/raw_landmarks/Minum Obat Batuk_14.parquet,batuk,37
672.0,data/imam/raw_landmarks/Minum Obat Batuk_17.parquet,batuk,33
675.0,data/imam/raw_landmarks/Minum Obat Batuk_20.parquet,batuk,30
678.0,data/imam/raw_landmarks/Minum Obat Demam_2.parquet,demam,45
681.0,data/imam/raw_landmarks/Minum Obat Demam_5.parquet,demam,41
684.0,data/imam/raw_landmarks/Minum Obat Demam_8.parquet,demam,44
687.0,data/imam/raw_landmarks/Minum Obat Demam_11.parquet,demam,39
690.0,data/imam/raw_landmarks/Minum Obat Demam_14.parquet,demam,41
693.0,data/imam/raw_landmarks/Minum Obat Demam_17.parquet,demam,40
697.0,data/imam/raw_landmarks/Minum Obat Sakit Gigi_3.parquet,gigi,45
701.0,data/imam/raw_landmarks/Minum Obat Sakit Gigi_7.parquet,gigi,40
705.0,data/imam/raw_landmarks/Minum Obat Sakit Gigi_11.parquet,gigi,42
709.0,data/imam/raw_landmarks/Minum Obat Sakit Gigi_15.parquet,gigi,34
713.0,data/imam/raw_landmarks/Minum Obat Sakit Gigi_19.parquet,gigi,37
717.0,data/imam/raw_landmarks/Resep Obat Sakit Gigi_3.parquet,gigi,27
721.0,data/imam/raw_landmarks/Resep Obat Sakit Gigi_7.parquet,gigi,28
725.0,data/imam/raw_landmarks/Resep Obat Sakit Gigi_11.parquet,gigi,29
729.0,data/imam/raw_landmarks/Resep Obat Sakit Gigi_15.parquet,gigi,27
733.0,data/imam/raw_landmarks/Resep Obat Sakit Gigi_19.parquet,gigi,31
737.0,data/imam/raw_landmarks/Resep Obat Sakit Gigi_23.parquet,gigi,29
741.0,data/imam/raw_landmarks/Resep Obat Sakit Kepala_3.parquet,kepala,42
745.0,data/imam/raw_landmarks/Resep Obat Sakit Kepala_7.parquet,kepala,46
749.0,data/imam/raw_landmarks/Resep Obat Sakit Kepala_11.parquet,kepala,46
753.0,data/imam/raw_landmarks/Resep Obat Sakit Kepala_15.parquet,kepala,43
757.0,data/imam/raw_landmarks/Resep Obat Sakit Kepala_19.parquet,kepala,47
761.0,data/imam/raw_landmarks/Resep Obat Sakit Kepala_23.parquet,kepala,48
765.0,data/imam/raw_landmarks/Resep Obat Sakit Perut_3.parquet,perut,43
769.0,data/imam/raw_landmarks/Resep Obat Sakit Perut_7.parquet,perut,37
773.0,data/imam/raw_landmarks/Resep Obat Sakit Perut_11.parquet,perut,38
777.0,data/imam/raw_landmarks/Resep Obat Sakit Perut_15.parquet,perut,46
781.0,data/imam/raw_landmarks/Resep Obat Sakit Perut_19.parquet,perut,37
785.0,data/imam/raw_landmarks/Resep Obat Sakit Perut_23.parquet,perut,36
788.0,data/imam/raw_landmarks/Resep Obat Batuk_2.parquet,batuk,30
791.0,data/imam/raw_landmarks/Resep Obat Batuk_5.parquet,batuk,34
794.0,data/imam/raw_landmarks/Resep Obat Batuk_8.parquet,batuk,30
797.0,data/imam/raw_landmarks/Resep Obat Batuk_11.parquet,batuk,31
800.0,data/imam/raw_landmarks/Resep Obat Batuk_14.parquet,batuk,40
803.0,data/imam/raw_landmarks/Resep Obat Demam_2.parquet,demam,38
806.0,data/imam/raw_landmarks/Resep Obat Demam_5.parquet,demam,34
809.0,data/imam/raw_landmarks/Resep Obat Demam_8.parquet,demam,39
812.0,data/imam/raw_landmarks/Resep Obat Demam_11.parquet,demam,40
815.0,data/imam/raw_landmarks/Resep Obat Demam_14.parquet,demam,40
818.0,data/imam/raw_landmarks/Resep Obat Demam_17.parquet,demam,39
822.0,data/jafar/raw_landmarks/Minum Obat Sakit Gigi_3.parquet,gigi,28
826.0,data/jafar/raw_landmarks/Minum Obat Sakit Gigi_7.parquet,gigi,31
830.0,data/jafar/raw_landmarks/Minum Obat Sakit Gigi_11.parquet,gigi,30
833.0,data/jafar/raw_landmarks/Minum Obat Sakit Gigi_14.parquet,gigi,29
836.0,data/jafar/raw_landmarks/Minum Obat Sakit Gigi_17.parquet,gigi,34
840.0,data/jafar/raw_landmarks/Minum Obat Sakit Gigi_21.parquet,gigi,34
844.0,data/jafar/raw_landmarks/Minum Obat Sakit Gigi_25.parquet,gigi,33
848.0,data/jafar/raw_landmarks/Minum Obat Sakit Gigi_29.parquet,gigi,32
852.0,data/jafar/raw_landmarks/Minum Obat Sakit Kepala_3.parquet,kepala,41
856.0,data/jafar/raw_landmarks/Minum Obat Sakit Kepala_7.parquet,kepala,37
860.0,data/jafar/raw_landmarks/Minum Obat Sakit Kepala_11.parquet,kepala,36
864.0,data/jafar/raw_landmarks/Minum Obat Sakit Kepala_15.parquet,kepala,41
868.0,data/jafar/raw_landmarks/Minum Obat Sakit Kepala_19.parquet,kepala,40
872.0,data/jafar/raw_landmarks/Minum Obat Sakit Perut_3.parquet,perut,45
876.0,data/jafar/raw_landmarks/Minum Obat Sakit Perut_7.parquet,perut,43
880.0,data/jafar/raw_landmarks/Minum Obat Sakit Perut_11.parquet,perut,38
883.0,data/jafar/raw_landmarks/Minum Obat Sakit Perut_14.parquet,perut,36
887.0,data/jafar/raw_landmarks/Minum Obat Sakit Perut_18.parquet,perut,47
891.0,data/jafar/raw_landmarks/Minum Obat Sakit Perut_22.parquet,perut,56
894.0,data/jafar/raw_landmarks/Minum Obat Batuk_2.parquet,batuk,40
897.0,data/jafar/raw_landmarks/Minum Obat Batuk_5.parquet,batuk,38
900.0,data/jafar/raw_landmarks/Minum Obat Batuk_8.parquet,batuk,35
903.0,data/jafar/raw_landmarks/Minum Obat Batuk_11.parquet,batuk,32
906.0,data/jafar/raw_landmarks/Minum Obat Batuk_14.parquet,batuk,36
909.0,data/jafar/raw_landmarks/Minum Obat Demam_2.parquet,demam,51
912.0,data/jafar/raw_landmarks/Minum Obat Demam_5.parquet,demam,53
915.0,data/jafar/raw_landmarks/Minum Obat Demam_8.parquet,demam,49
918.0,data/jafar/raw_landmarks/Minum Obat Demam_11.parquet,demam,46
921.0,data/jafar/raw_landmarks/Minum Obat Demam_14.parquet,demam,53
925.0,data/jafar/raw_landmarks/Resep Obat Sakit Gigi_3.parquet,gigi,36
929.0,data/jafar/raw_landmarks/Resep Obat Sakit Gigi_7.parquet,gigi,45
933.0,data/jafar/raw_landmarks/Resep Obat Sakit Gigi_11.parquet,gigi,40
937.0,data/jafar/raw_landmarks/Resep Obat Sakit Gigi_15.parquet,gigi,34
941.0,data/jafar/raw_landmarks/Resep Obat Sakit Gigi_19.parquet,gigi,38
945.0,data/jafar/raw_landmarks/Resep Obat Sakit Kepala_3.parquet,kepala,45
949.0,data/jafar/raw_landmarks/Resep Obat Sakit Kepala_7.parquet,kepala,41
953.0,data/jafar/raw_landmarks/Resep Obat Sakit Kepala_11.parquet,kepala,41
957.0,data/jafar/raw_landmarks/Resep Obat Sakit Kepala_15.parquet,kepala,39
961.0,data/jafar/raw_landmarks/Resep Obat Sakit Kepala_19.parquet,kepala,43
965.0,data/jafar/raw_landmarks/Resep Obat Sakit Kepala_23.parquet,kepala,40
969.0,data/jafar/raw_landmarks/Resep Obat Sakit Perut_3.parquet,perut,47
973.0,data/jafar/raw_landmarks/Resep Obat Sakit Perut_7.parquet,perut,47
977.0,data/jafar/raw_landmarks/Resep Obat Sakit Perut_11.parquet,perut,47
981.0,data/jafar/raw_landmarks/Resep Obat Sakit Perut_15.parquet,perut,44
985.0,data/jafar/raw_landmarks/Resep Obat Sakit Perut_19.parquet,perut,46
988.0,data/jafar/raw_landmarks/Resep Obat Batuk_2.parquet,batuk,38
991.0,data/jafar/raw_landmarks/Resep Obat Batuk_5.parquet,batuk,37
994.0,data/jafar/raw_landmarks/Resep Obat Batuk_8.parquet,batuk,37
997.0,data/jafar/raw_landmarks/Resep Obat Batuk_11.parquet,batuk,40
1000.0,data/jafar/raw_landmarks/Resep Obat Batuk_14.parquet,batuk,44
1003.0,data/jafar/raw_landmarks/Resep Obat Demam_2.parquet,demam,38
1006.0,data/jafar/raw_landmarks/Resep Obat Demam_5.parquet,demam,43
1009.0,data/jafar/raw_landmarks/Resep Obat Demam_8.parquet,demam,38
1012.0,data/jafar/raw_landmarks/Resep Obat Demam_11.parquet,demam,40
1015.0,data/jafar/raw_landmarks/Resep Obat Demam_14.parquet,demam,37
1019.0,data/joy/raw_landmarks/Minum Obat Sakit Gigi_3.parquet,gigi,38
1023.0,data/joy/raw_landmarks/Minum Obat Sakit Gigi_7.parquet,gigi,38
1027.0,data/joy/raw_landmarks/Minum Obat Sakit Gigi_11.parquet,gigi,36
1031.0,data/joy/raw_landmarks/Minum Obat Sakit Gigi_15.parquet,gigi,36
1035.0,data/joy/raw_landmarks/Minum Obat Sakit Gigi_19.parquet,gigi,48
1039.0,data/joy/raw_landmarks/Minum Obat Sakit Perut_3.parquet,perut,44
1043.0,data/joy/raw_landmarks/Minum Obat Sakit Perut_7.parquet,perut,44
1047.0,data/joy/raw_landmarks/Minum Obat Sakit Perut_11.parquet,perut,48
1051.0,data/joy/raw_landmarks/Minum Obat Sakit Perut_15.parquet,perut,55
1055.0,data/joy/raw_landmarks/Minum Obat Sakit Perut_19.parquet,perut,41
1058.0,data/joy/raw_landmarks/Resep Obat Batuk_2.parquet,batuk,41
1061.0,data/joy/raw_landmarks/Resep Obat Batuk_5.parquet,batuk,36
1064.0,data/joy/raw_landmarks/Resep Obat Batuk_8.parquet,batuk,33
1067.0,data/joy/raw_landmarks/Resep Obat Batuk_11.parquet,batuk,34
1070.0,data/joy/raw_landmarks/Resep Obat Batuk_14.parquet,batuk,36
1073.0,data/joy/raw_landmarks/Minum Obat Batuk_2.parquet,batuk,49
1076.0,data/joy/raw_landmarks/Minum Obat Batuk_5.parquet,batuk,48
1079.0,data/joy/raw_landmarks/Minum Obat Batuk_8.parquet,batuk,50
1082.0,data/joy/raw_landmarks/Minum Obat Batuk_11.parquet,batuk,45
1085.0,data/joy/raw_landmarks/Minum Obat Batuk_14.parquet,batuk,50
1090.0,data/joy/raw_landmarks/Minum Obat Batuk_19.parquet,batuk,65
1093.0,data/joy/raw_landmarks/Minum Obat Demam_2.parquet,demam,46
1096.0,data/joy/raw_landmarks/Minum Obat Demam_5.parquet,demam,44
1099.0,data/joy/raw_landmarks/Minum Obat Demam_8.parquet,demam,45
1102.0,data/joy/raw_landmarks/Minum Obat Demam_11.parquet,demam,55
1105.0,data/joy/raw_landmarks/Minum Obat Demam_14.parquet,demam,43
1109.0,data/joy/raw_landmarks/Minum Obat Sakit Kepala_3.parquet,kepala,61
1113.0,data/joy/raw_landmarks/Minum Obat Sakit Kepala_7.parquet,kepala,71
1117.0,data/joy/raw_landmarks/Minum Obat Sakit Kepala_11.parquet,kepala,61
1121.0,data/joy/raw_landmarks/Minum Obat Sakit Kepala_15.parquet,kepala,57
1125.0,data/joy/raw_landmarks/Minum Obat Sakit Kepala_19.parquet,kepala,53
1129.0,data/joy/raw_landmarks/Resep Obat Sakit Gigi_3.parquet,gigi,37
1136.0,data/joy/raw_landmarks/Resep Obat Sakit Gigi_10.parquet,gigi,37
1140.0,data/joy/raw_landmarks/Resep Obat Sakit Gigi_14.parquet,gigi,35
1144.0,data/joy/raw_landmarks/Resep Obat Sakit Gigi_18.parquet,gigi,40
1148.0,data/joy/raw_landmarks/Resep Obat Sakit Gigi_22.parquet,gigi,38
1152.0,data/joy/raw_landmarks/Resep Obat Sakit Kepala_3.parquet,kepala,47
1156.0,data/joy/raw_landmarks/Resep Obat Sakit Kepala_7.parquet,kepala,44
1160.0,data/joy/raw_landmarks/Resep Obat Sakit Kepala_11.parquet,kepala,50
1164.0,data/joy/raw_landmarks/Resep Obat Sakit Kepala_15.parquet,kepala,46
1168.0,data/joy/raw_landmarks/Resep Obat Sakit Kepala_19.parquet,kepala,47
1175.0,data/joy/raw_landmarks/Resep Obat Sakit Perut_3.parquet,perut,36
1179.0,data/joy/raw_landmarks/Resep Obat Sakit Perut_7.parquet,perut,43
1183.0,data/joy/raw_landmarks/Resep Obat Sakit Perut_11.parquet,perut,34
1187.0,data/joy/raw_landmarks/Resep Obat Sakit Perut_15.parquet,perut,41
1191.0,data/joy/raw_landmarks/Resep Obat Sakit Perut_19.parquet,perut,39
1194.0,data/joy/raw_landmarks/Resep Obat Demam_2.parquet,demam,37
1197.0,data/joy/raw_landmarks/Resep Obat Demam_5.parquet,demam,35
1200.0,data/joy/raw_landmarks/Resep Obat Demam_8.parquet,demam,44
1203.0,data/joy/raw_landmarks/Resep Obat Demam_11.parquet,demam,34
1206.0,data/joy/raw_landmarks/Resep Obat Demam_14.parquet,demam,40
1209.0,data/joy/raw_landmarks/Resep Obat Demam_17.parquet,demam,45
1215.0,data/labob/raw_landmarks/Minum Obat Sakit Perut_3.parquet,perut,30
1219.0,data/labob/raw_landmarks/Minum Obat Sakit Perut_7.parquet,perut,46
1223.0,data/labob/raw_landmarks/Minum Obat Sakit Perut_11.parquet,perut,52
1227.0,data/labob/raw_landmarks/Minum Obat Sakit Perut_15.parquet,perut,49
1231.0,data/labob/raw_landmarks/Minum Obat Sakit Perut_19.parquet,perut,15
1234.0,data/labob/raw_landmarks/Minum Obat Batuk_2.parquet,batuk,57
1237.0,data/labob/raw_landmarks/Minum Obat Batuk_5.parquet,batuk,49
1240.0,data/labob/raw_landmarks/Minum Obat Batuk_8.parquet,batuk,43
1243.0,data/labob/raw_landmarks/Minum Obat Batuk_11.parquet,batuk,40
1246.0,data/labob/raw_landmarks/Minum Obat Batuk_14.parquet,batuk,43
1249.0,data/labob/raw_landmarks/Minum Obat Demam_2.parquet,demam,41
1252.0,data/labob/raw_landmarks/Minum Obat Demam_5.parquet,demam,44
1255.0,data/labob/raw_landmarks/Minum Obat Demam_8.parquet,demam,49
1258.0,data/labob/raw_landmarks/Minum Obat Demam_11.parquet,demam,32
1261.0,data/labob/raw_landmarks/Minum Obat Demam_14.parquet,demam,51
1265.0,data/labob/raw_landmarks/Minum Obat Sakit Gigi_3.parquet,gigi,55
1269.0,data/labob/raw_landmarks/Minum Obat Sakit Gigi_7.parquet,gigi,54
1273.0,data/labob/raw_landmarks/Minum Obat Sakit Gigi_11.parquet,gigi,46
1277.0,data/labob/raw_landmarks/Minum Obat Sakit Gigi_15.parquet,gigi,42
1281.0,data/labob/raw_landmarks/Minum Obat Sakit Gigi_19.parquet,gigi,39
1285.0,data/labob/raw_landmarks/Minum Obat Sakit Kepala_3.parquet,kepala,43
1289.0,data/labob/raw_landmarks/Minum Obat Sakit Kepala_7.parquet,kepala,41
1293.0,data/labob/raw_landmarks/Minum Obat Sakit Kepala_11.parquet,kepala,40
1297.0,data/labob/raw_landmarks/Minum Obat Sakit Kepala_15.parquet,kepala,43
1301.0,data/labob/raw_landmarks/Minum Obat Sakit Kepala_19.parquet,kepala,35
1308.0,data/labob/raw_landmarks/Resep Obat Sakit Perut_6.parquet,perut,52
1312.0,data/labob/raw_landmarks/Resep Obat Sakit Perut_10.parquet,perut,44
1316.0,data/labob/raw_landmarks/Resep Obat Sakit Perut_14.parquet,perut,45
1320.0,data/labob/raw_landmarks/Resep Obat Sakit Perut_18.parquet,perut,49
1323.0,data/labob/raw_landmarks/Resep Obat Batuk_2.parquet,batuk,34
1326.0,data/labob/raw_landmarks/Resep Obat Batuk_5.parquet,batuk,28
1329.0,data/labob/raw_landmarks/Resep Obat Batuk_8.parquet,batuk,49
1332.0,data/labob/raw_landmarks/Resep Obat Batuk_11.parquet,batuk,50
1335.0,data/labob/raw_landmarks/Resep Obat Batuk_14.parquet,batuk,49
1339.0,data/labob/raw_landmarks/Resep Obat Demam_2.parquet,demam,40
1342.0,data/labob/raw_landmarks/Resep Obat Demam_5.parquet,demam,35
1344.0,data/labob/raw_landmarks/Resep Obat Demam_7.parquet,demam,35
1347.0,data/labob/raw_landmarks/Resep Obat Demam_10.parquet,demam,42
1350.0,data/labob/raw_landmarks/Resep Obat Demam_13.parquet,demam,60
1353.0,data/labob/raw_landmarks/Resep Obat Demam_16.parquet,demam,46
1357.0,data/labob/raw_landmarks/Resep Obat Sakit Gigi_3.parquet,gigi,40
1361.0,data/labob/raw_landmarks/Resep Obat Sakit Gigi_7.parquet,gigi,44
1365.0,data/labob/raw_landmarks/Resep Obat Sakit Gigi_11.parquet,gigi,50
1369.0,data/labob/raw_landmarks/Resep Obat Sakit Gigi_15.parquet,gigi,52
1373.0,data/labob/raw_landmarks/Resep Obat Sakit Gigi_19.parquet,gigi,56
1377.0,data/labob/raw_landmarks/Resep Obat Sakit Kepala_3.parquet,kepala,46
1381.0,data/labob/raw_landmarks/Resep Obat Sakit Kepala_7.parquet,kepala,50
1385.0,data/labob/raw_landmarks/Resep Obat Sakit Kepala_11.parquet,kepala,43
1389.0,data/labob/raw_landmarks/Resep Obat Sakit Kepala_15.parquet,kepala,36
1393.0,data/labob/raw_landmarks/Resep Obat Sakit Kepala_19.parquet,kepala,55
1397.0,data/labob/raw_landmarks/Resep Obat Sakit Kepala_23.parquet,kepala,52
1401.0,data/rifky/raw_landmarks/Minum Obat Saki Gigi_3.parquet,gigi,21
1405.0,data/rifky/raw_landmarks/Minum Obat Saki Gigi_7.parquet,gigi,25
1409.0,data/rifky/raw_landmarks/Minum Obat Saki Gigi_11.parquet,gigi,24
1413.0,data/rifky/raw_landmarks/Minum Obat Saki Gigi_15.parquet,gigi,28
1417.0,data/rifky/raw_landmarks/Minum Obat Saki Gigi_19.parquet,gigi,24
1421.0,data/rifky/raw_landmarks/Minum Obat Saki Gigi_23.parquet,gigi,31
1425.0,data/rifky/raw_landmarks/Minum Obat Sakit Kepala_3.parquet,kepala,28
1429.0,data/rifky/raw_landmarks/Minum Obat Sakit Kepala_7.parquet,kepala,30
1433.0,data/rifky/raw_landmarks/Minum Obat Sakit Kepala_11.parquet,kepala,35
1437.0,data/rifky/raw_landmarks/Minum Obat Sakit Kepala_15.parquet,kepala,29
1441.0,data/rifky/raw_landmarks/Minum Obat Sakit Kepala_19.parquet,kepala,31
1445.0,data/rifky/raw_landmarks/Minum Obat Sakit Kepala_23.parquet,kepala,31
1449.0,data/rifky/raw_landmarks/Minum Obat Sakit Perut_3.parquet,perut,21
1453.0,data/rifky/raw_landmarks/Minum Obat Sakit Perut_7.parquet,perut,25
1457.0,data/rifky/raw_landmarks/Minum Obat Sakit Perut_11.parquet,perut,30
1461.0,data/rifky/raw_landmarks/Minum Obat Sakit Perut_15.parquet,perut,26
1465.0,data/rifky/raw_landmarks/Minum Obat Sakit Perut_19.parquet,perut,25
1469.0,data/rifky/raw_landmarks/Minum Obat Sakit Perut_23.parquet,perut,26
1473.0,data/rifky/raw_landmarks/Minum Obat Sakit Perut_27.parquet,perut,29
1476.0,data/rifky/raw_landmarks/Minum Obat Batuk_2.parquet,batuk,25
1479.0,data/rifky/raw_landmarks/Minum Obat Batuk_5.parquet,batuk,22
1482.0,data/rifky/raw_landmarks/Minum Obat Batuk_8.parquet,batuk,24
1485.0,data/rifky/raw_landmarks/Minum Obat Batuk_11.parquet,batuk,22
1488.0,data/rifky/raw_landmarks/Minum Obat Batuk_14.parquet,batuk,23
1491.0,data/rifky/raw_landmarks/Minum Obat Batuk_17.parquet,batuk,18
1494.0,data/rifky/raw_landmarks/Minum Obat Demam_2.parquet,demam,27
1497.0,data/rifky/raw_landmarks/Minum Obat Demam_5.parquet,demam,26
1500.0,data/rifky/raw_landmarks/Minum Obat Demam_8.parquet,demam,31
1503.0,data/rifky/raw_landmarks/Minum Obat Demam_11.parquet,demam,30
1506.0,data/rifky/raw_landmarks/Minum Obat Demam_14.parquet,demam,26
1510.0,data/rifky/raw_landmarks/Resep Obat Sakit Gigi_3.parquet,gigi,29
1514.0,data/rifky/raw_landmarks/Resep Obat Sakit Gigi_7.parquet,gigi,26
1518.0,data/rifky/raw_landmarks/Resep Obat Sakit Gigi_11.parquet,gigi,24
1522.0,data/rifky/raw_landmarks/Resep Obat Sakit Gigi_15.parquet,gigi,28
1526.0,data/rifky/raw_landmarks/Resep Obat Sakit Gigi_19.parquet,gigi,25
1530.0,data/rifky/raw_landmarks/Resep Obat Sakit Kepala_3.parquet,kepala,28
1534.0,data/rifky/raw_landmarks/Resep Obat Sakit Kepala_7.parquet,kepala,30
1538.0,data/rifky/raw_landmarks/Resep Obat Sakit Kepala_11.parquet,kepala,33
1542.0,data/rifky/raw_landmarks/Resep Obat Sakit Kepala_15.parquet,kepala,30
1545.0,data/rifky/raw_landmarks/Resep Obat Sakit Kepala_18.parquet,kepala,30
1549.0,data/rifky/raw_landmarks/Resep Obat Sakit Kepala_22.parquet,kepala,31
1553.0,data/rifky/raw_landmarks/Resep Obat Sakit Kepala_26.parquet,kepala,27
1557.0,data/rifky/raw_landmarks/Resep Obat Sakit Perut_3.parquet,perut,25
1561.0,data/rifky/raw_landmarks/Resep Obat Sakit Perut_7.parquet,perut,25
1565.0,data/rifky/raw_landmarks/Resep Obat Sakit Perut_11.parquet,perut,25
1569.0,data/rifky/raw_landmarks/Resep Obat Sakit Perut_15.parquet,perut,23
1572.0,data/rifky/raw_landmarks/Resep Obat Sakit Perut_18.parquet,perut,20
1576.0,data/rifky/raw_landmarks/Resep Obat Sakit Perut_22.parquet,perut,26
1579.0,data/rifky/raw_landmarks/Resep Obat Batuk_2.parquet,batuk,21
1582.0,data/rifky/raw_landmarks/Resep Obat Batuk_5.parquet,batuk,18
1585.0,data/rifky/raw_landmarks/Resep Obat Batuk_8.parquet,batuk,14
1588.0,data/rifky/raw_landmarks/Resep Obat Batuk_11.parquet,batuk,17
1591.0,data/rifky/raw_landmarks/Resep Obat Batuk_14.parquet,batuk,21
1594.0,data/rifky/raw_landmarks/Resep Obat Demam_2.parquet,demam,30
1597.0,data/rifky/raw_landmarks/Resep Obat Demam_5.parquet,demam,31
1600.0,data/rifky/raw_landmarks/Resep Obat Demam_8.parquet,demam,30
1603.0,data/rifky/raw_landmarks/Resep Obat Demam_11.parquet,demam,32
1606.0,data/rifky/raw_landmarks/Resep Obat Demam_14.parquet,demam,30
1610.0,data/wildan/raw_landmarks/Resep Obat Sakit Kepala_3.parquet,kepala,32
1614.0,data/wildan/raw_landmarks/Resep Obat Sakit Kepala_7.parquet,kepala,32
1618.0,data/wildan/raw_landmarks/Resep Obat Sakit Kepala_11.parquet,kepala,31
1622.0,data/wildan/raw_landmarks/Resep Obat Sakit Kepala_15.parquet,kepala,37
1626.0,data/wildan/raw_landmarks/Resep Obat Sakit Kepala_19.parquet,kepala,33
1630.0,data/wildan/raw_landmarks/Minum Obat Sakit Gigi_3.parquet,gigi,25
1634.0,data/wildan/raw_landmarks/Minum Obat Sakit Gigi_7.parquet,gigi,25
1638.0,data/wildan/raw_landmarks/Minum Obat Sakit Gigi_11.parquet,gigi,30
1642.0,data/wildan/raw_landmarks/Minum Obat Sakit Gigi_15.parquet,gigi,25
1646.0,data/wildan/raw_landmarks/Minum Obat Sakit Gigi_19.parquet,gigi,28
1650.0,data/wildan/raw_landmarks/Minum Obat Sakit Kepala_3.parquet,kepala,38
1654.0,data/wildan/raw_landmarks/Minum Obat Sakit Kepala_7.parquet,kepala,35
1658.0,data/wildan/raw_landmarks/Minum Obat Sakit Kepala_11.parquet,kepala,33
1664.0,data/wildan/raw_landmarks/Minum Obat Sakit Kepala_17.parquet,kepala,36
1668.0,data/wildan/raw_landmarks/Minum Obat Sakit Kepala_21.parquet,kepala,28
1672.0,data/wildan/raw_landmarks/Minum Obat Sakit Kepala_25.parquet,kepala,33
1676.0,data/wildan/raw_landmarks/Minum Obat Sakit Perut_3.parquet,perut,36
1680.0,data/wildan/raw_landmarks/Minum Obat Sakit Perut_7.parquet,perut,25
1684.0,data/wildan/raw_landmarks/Minum Obat Sakit Perut_11.parquet,perut,22
1691.0,data/wildan/raw_landmarks/Minum Obat Sakit Perut_18.parquet,perut,30
1695.0,data/wildan/raw_landmarks/Minum Obat Sakit Perut_22.parquet,perut,23
1698.0,data/wildan/raw_landmarks/Resep Obat Batuk_2.parquet,batuk,23
1701.0,data/wildan/raw_landmarks/Resep Obat Batuk_5.parquet,batuk,23
1704.0,data/wildan/raw_landmarks/Resep Obat Batuk_8.parquet,batuk,15
1707.0,data/wildan/raw_landmarks/Resep Obat Batuk_11.parquet,batuk,21
1710.0,data/wildan/raw_landmarks/Resep Obat Batuk_14.parquet,batuk,20
1713.0,data/wildan/raw_landmarks/Resep Obat Batuk_17.parquet,batuk,20
1716.0,data/wildan/raw_landmarks/Resep Obat Demam_2.parquet,demam,25
1719.0,data/wildan/raw_landmarks/Resep Obat Demam_5.parquet,demam,23
1722.0,data/wildan/raw_landmarks/Resep Obat Demam_8.parquet,demam,22
1725.0,data/wildan/raw_landmarks/Resep Obat Demam_11.parquet,demam,25
1728.0,data/wildan/raw_landmarks/Resep Obat Demam_14.parquet,demam,25
1732.0,data/wildan/raw_landmarks/Resep Obat Sakit Gigi_3.parquet,gigi,24
1736.0,data/wildan/raw_landmarks/Resep Obat Sakit Gigi_7.parquet,gigi,19
1740.0,data/wildan/raw_landmarks/Resep Obat Sakit Gigi_11.parquet,gigi,22
1744.0,data/wildan/raw_landmarks/Resep Obat Sakit Gigi_15.parquet,gigi,25
1748.0,data/wildan/raw_landmarks/Resep Obat Sakit Gigi_19.parquet,gigi,27
1752.0,data/wildan/raw_landmarks/Resep Obat Sakit Perut_3.parquet,perut,27
1756.0,data/wildan/raw_landmarks/Resep Obat Sakit Perut_7.parquet,perut,23
1760.0,data/wildan/raw_landmarks/Resep Obat Sakit Perut_11.parquet,perut,25
1764.0,data/wildan/raw_landmarks/Resep Obat Sakit Perut_15.parquet,perut,22
1771.0,data/wildan/raw_landmarks/Resep Obat Sakit Perut_22.parquet,perut,27
1774.0,data/wildan/raw_landmarks/Minum Obat Batuk_2.parquet,batuk,18
1777.0,data/wildan/raw_landmarks/Minum Obat Batuk_5.parquet,batuk,22
1780.0,data/wildan/raw_landmarks/Minum Obat Batuk_8.parquet,batuk,22
1783.0,data/wildan/raw_landmarks/Minum Obat Batuk_11.parquet,batuk,23
1786.0,data/wildan/raw_landmarks/Minum Obat Batuk_14.parquet,batuk,24
1789.0,data/wildan/raw_landmarks/Minum Obat Batuk_17.parquet,batuk,25
1792.0,data/wildan/raw_landmarks/Minum Obat Demam_2.parquet,demam,36
1795.0,data/wildan/raw_landmarks/Minum Obat Demam_5.parquet,demam,25
1798.0,data/wildan/raw_landmarks/Minum Obat Demam_8.parquet,demam,30
1801.0,data/wildan/raw_landmarks/Minum Obat Demam_11.parquet,demam,30
1804.0,data/wildan/raw_landmarks/Minum Obat Demam_14.parquet,demam,30
1807.0,data/yero/raw_landmarks/Minum Obat Demam_2.parquet,demam,25
1810.0,data/yero/raw_landmarks/Minum Obat Demam_5.parquet,demam,22
1813.0,data/yero/raw_landmarks/Minum Obat Demam_8.parquet,demam,24
1816.0,data/yero/raw_landmarks/Minum Obat Demam_11.parquet,demam,25
1819.0,data/yero/raw_landmarks/Minum Obat Demam_14.parquet,demam,33
1822.0,data/yero/raw_landmarks/Minum Obat Demam_17.parquet,demam,27
1826.0,data/yero/raw_landmarks/Minum Obat Sakit Kepala_3.parquet,kepala,27
1830.0,data/yero/raw_landmarks/Minum Obat Sakit Kepala_7.parquet,kepala,26
1834.0,data/yero/raw_landmarks/Minum Obat Sakit Kepala_11.parquet,kepala,26
1838.0,data/yero/raw_landmarks/Minum Obat Sakit Kepala_15.parquet,kepala,24
1841.0,data/yero/raw_landmarks/Minum Obat Sakit Kepala_18.parquet,kepala,27
1845.0,data/yero/raw_landmarks/Minum Obat Sakit Kepala_22.parquet,kepala,25
1849.0,data/yero/raw_landmarks/Minum Obat Sakit Perut_3.parquet,perut,31
1853.0,data/yero/raw_landmarks/Minum Obat Sakit Perut_7.parquet,perut,30
1856.0,data/yero/raw_landmarks/Minum Obat Sakit Perut_10.parquet,perut,25
1860.0,data/yero/raw_landmarks/Minum Obat Sakit Perut_14.parquet,perut,24
1864.0,data/yero/raw_landmarks/Minum Obat Sakit Perut_18.parquet,perut,24
1868.0,data/yero/raw_landmarks/Minum Obat Sakit Perut_22.parquet,perut,23
1872.0,data/yero/raw_landmarks/Minum Obat Sakit Perut_26.parquet,perut,18
1875.0,data/yero/raw_landmarks/Resep Obat Batuk_2.parquet,batuk,33
1878.0,data/yero/raw_landmarks/Resep Obat Batuk_5.parquet,batuk,32
1881.0,data/yero/raw_landmarks/Resep Obat Batuk_8.parquet,batuk,30
1883.0,data/yero/raw_landmarks/Resep Obat Batuk_10.parquet,batuk,32
1886.0,data/yero/raw_landmarks/Resep Obat Batuk_13.parquet,batuk,31
1890.0,data/yero/raw_landmarks/Resep Obat Sakit Kepala_3.parquet,kepala,36
1894.0,data/yero/raw_landmarks/Resep Obat Sakit Kepala_7.parquet,kepala,31
1898.0,data/yero/raw_landmarks/Resep Obat Sakit Kepala_11.parquet,kepala,28
1902.0,data/yero/raw_landmarks/Resep Obat Sakit Kepala_15.parquet,kepala,36
1906.0,data/yero/raw_landmarks/Resep Obat Sakit Kepala_19.parquet,kepala,28
1909.0,data/yero/raw_landmarks/Resep Obat Sakit Perut_2.parquet,perut,31
1913.0,data/yero/raw_landmarks/Resep Obat Sakit Perut_6.parquet,perut,32
1917.0,data/yero/raw_landmarks/Resep Obat Sakit Perut_10.parquet,perut,33
1921.0,data/yero/raw_landmarks/Resep Obat Sakit Perut_14.parquet,perut,38
1925.0,data/yero/raw_landmarks/Resep Obat Sakit Perut_18.parquet,perut,22
1929.0,data/yero/raw_landmarks/Resep Obat Sakit Perut_22.parquet,perut,26
1932.0,data/yero/raw_landmarks/Resep Obat Demam_2.parquet,demam,39
1935.0,data/yero/raw_landmarks/Resep Obat Demam_5.parquet,demam,37
1938.0,data/yero/raw_landmarks/Resep Obat Demam_8.parquet,demam,32
1941.0,data/yero/raw_landmarks/Resep Obat Demam_11.parquet,demam,36
1944.0,data/yero/raw_landmarks/Resep Obat Demam_14.parquet,demam,36
1947.0,data/yero/raw_landmarks/Resep Obat Sakit Gigi_2.parquet,gigi,31
1950.0,data/yero/raw_landmarks/Resep Obat Sakit Gigi_5.parquet,gigi,24
1953.0,data/yero/raw_landmarks/Resep Obat Sakit Gigi_8.parquet,gigi,23
1956.0,data/yero/raw_landmarks/Resep Obat Sakit Gigi_11.parquet,gigi,25
1961.0,data/yero/raw_landmarks/Resep Obat Sakit Gigi_16.parquet,gigi,34
1964.0,data/yero/raw_landmarks/Resep Obat Sakit Gigi_19.parquet,gigi,30
1967.0,data/yero/raw_landmarks/Resep Obat Sakit Gigi_22.parquet,gigi,27
1970.0,data/yero/raw_landmarks/Minum Obat Batuk_2.parquet,batuk,45
1973.0,data/yero/raw_landmarks/Minum Obat Batuk_5.parquet,batuk,21
1976.0,data/yero/raw_landmarks/Minum Obat Batuk_8.parquet,batuk,29
1979.0,data/yero/raw_landmarks/Minum Obat Batuk_11.parquet,batuk,18
1982.0,data/yero/raw_landmarks/Minum Obat Batuk_14.parquet,batuk,18
1985.0,data/yero/raw_landmarks/Minum Obat Batuk_17.parquet,batuk,29
1989.0,data/yero/raw_landmarks/Minum Obat Saki Gigi_3.parquet,gigi,19
1993.0,data/yero/raw_landmarks/Minum Obat Saki Gigi_7.parquet,gigi,20
1997.0,data/yero/raw_landmarks/Minum Obat Saki Gigi_11.parquet,gigi,38
2001.0,data/yero/raw_landmarks/Minum Obat Saki Gigi_15.parquet,gigi,21
2005.0,data/yero/raw_landmarks/Minum Obat Saki Gigi_19.parquet,gigi,23
2009.0,data/yero/raw_landmarks/Minum Obat Saki Gigi_23.parquet,gigi,26
2013.0,data/yero/raw_landmarks/Minum Obat Saki Gigi_27.parquet,gigi,23
,data/abyan/raw_landmarks/Minum Obat Sakit Perut_1.parquet,obat,33
,data/abyan/raw_landmarks/Resep Obat Demam_16.parquet,obat,30
,data/abyan/raw_landmarks/Resep Obat Sakit Gigi_1.parquet,obat,31
,data/abyan/raw_landmarks/Resep Obat Sakit Gigi_5.parquet,obat,30
,data/abyan/raw_landmarks/Minum Obat Demam_1.parquet,obat,30
,data/abyan/raw_landmarks/Minum Obat Demam_4.parquet,obat,33
,data/abyan/raw_landmarks/Minum Obat Demam_7.parquet,obat,35
,data/abyan/raw_landmarks/Minum Obat Sakit Kepala_5.parquet,obat,32
,data/abyan/raw_landmarks/Minum Obat Sakit Gigi_1.parquet,obat,32
,data/abyan/raw_landmarks/Minum Obat Sakit Gigi_5.parquet,obat,30
,data/abyan/raw_landmarks/Minum Obat Sakit Gigi_9.parquet,obat,35
,data/abyan/raw_landmarks/Minum Obat Sakit Gigi_21.parquet,obat,31
,data/abyan/raw_landmarks/Resep Obat Batuk_4.parquet,obat,33
,data/abyan/raw_landmarks/Resep Obat Batuk_13.parquet,obat,32
,data/abyan/raw_landmarks/Resep Obat Sakit Kepala 2_1.parquet,obat,33
,data/abyan/raw_landmarks/Resep Obat Sakit Kepala 2_5.parquet,obat,33
,data/abyan/raw_landmarks/Resep Obat Sakit Perut_13.parquet,obat,30
,data/abyan/raw_landmarks/Minum Obat Batuk_7.parquet,obat,32
,data/abyan/raw_landmarks/Minum Obat Batuk_10.parquet,obat,33
,data/abyan/raw_landmarks/Minum Obat Batuk_13.parquet,obat,31
,data/dani/raw_landmarks/Minum Obat Sakit Perut_17.parquet,obat,33
,data/dani/raw_landmarks/Minum Obat Sakit Perut_21.parquet,obat,31
,data/dani/raw_landmarks/Minum Obat Batuk_7.parquet,obat,32
,data/dani/raw_landmarks/Minum Obat Batuk_16.parquet,obat,31
,data/dani/raw_landmarks/Minum Obat Demam_1.parquet,obat,33
,data/dani/raw_landmarks/Minum Obat Demam_10.parquet,obat,30
,data/dani/raw_landmarks/Minum Obat Demam_13.parquet,obat,30
,data/dani/raw_landmarks/Minum Obat Sakit Gigi_24.parquet,obat,32
,data/dani/raw_landmarks/Resep Obat Batuk_7.parquet,obat,34
,data/dani/raw_landmarks/Resep Obat Batuk_13.parquet,obat,34
,data/dani/raw_landmarks/Resep Obat Batuk_16.parquet,obat,31
,data/dani/raw_landmarks/Resep Obat Demam_1.parquet,obat,32
,data/dani/raw_landmarks/Resep Obat Demam_4.parquet,obat,33
,data/dani/raw_landmarks/Resep Obat Sakit Gigi_9.parquet,obat,30
,data/dani/raw_landmarks/Resep Obat Sakit Kepala_9.parquet,obat,30
,data/dani/raw_landmarks/Resep Obat Sakit Perut_5.parquet,obat,34
,data/dani/raw_landmarks/Resep Obat Sakit Perut_20.parquet,obat,34
,data/dzikri/raw_landmarks/Minum Obat Sakit Perut_1.parquet,obat,30
,data/dzikri/raw_landmarks/Minum Obat Sakit Perut_5.parquet,obat,35
,data/dzikri/raw_landmarks/Minum Obat Sakit Perut_9.parquet,obat,34
,data/dzikri/raw_landmarks/Minum Obat Demam_1.parquet,obat,32
,data/dzikri/raw_landmarks/Minum Obat Demam_10.parquet,obat,34
,data/dzikri/raw_landmarks/Minum Obat Demam_13.parquet,obat,35
,data/dzikri/raw_landmarks/Minum Obat Sakit Gigi_21.parquet,obat,31
,data/dzikri/raw_landmarks/Resep Obat Sakit Perut_1.parquet,obat,33
,data/dzikri/raw_landmarks/Resep Obat Sakit Perut_9.parquet,obat,30
,data/dzikri/raw_landmarks/Resep Obat Batuk_1.parquet,obat,30
,data/dzikri/raw_landmarks/Resep Obat Batuk_4.parquet,obat,32
,data/dzikri/raw_landmarks/Resep Obat Batuk_7.parquet,obat,33
,data/dzikri/raw_landmarks/Resep Obat Sakit Gigi_1.parquet,obat,32
,data/dzikri/raw_landmarks/Resep Obat Sakit Gigi_9.parquet,obat,32
,data/dzikri/raw_landmarks/Resep Obat Sakit Gigi_17.parquet,obat,32
,data/imam/raw_landmarks/Minum Obat Batuk_19.parquet,obat,34
,data/imam/raw_landmarks/Resep Obat Sakit Kepala_1.parquet,obat,31
,data/imam/raw_landmarks/Resep Obat Sakit Kepala_5.parquet,obat,32
,data/imam/raw_landmarks/Resep Obat Sakit Kepala_9.parquet,obat,31
,data/imam/raw_landmarks/Resep Obat Sakit Kepala_13.parquet,obat,31
,data/imam/raw_landmarks/Resep Obat Sakit Perut_9.parquet,obat,32
,data/imam/raw_landmarks/Resep Obat Sakit Perut_21.parquet,obat,31
,data/imam/raw_landmarks/Resep Obat Batuk_1.parquet,obat,33
,data/imam/raw_landmarks/Resep Obat Batuk_4.parquet,obat,32
,data/imam/raw_landmarks/Resep Obat Batuk_10.parquet,obat,33
,data/imam/raw_landmarks/Resep Obat Batuk_13.parquet,obat,33
,data/jafar/raw_landmarks/Minum Obat Sakit Gigi_9.parquet,obat,35
,data/jafar/raw_landmarks/Minum Obat Sakit Gigi_19.parquet,obat,32
,data/jafar/raw_landmarks/Minum Obat Sakit Perut_9.parquet,obat,31
,data/jafar/raw_landmarks/Minum Obat Sakit Perut_20.parquet,obat,32
,data/jafar/raw_landmarks/Minum Obat Batuk_1.parquet,obat,33
,data/jafar/raw_landmarks/Minum Obat Batuk_4.parquet,obat,33
,data/jafar/raw_landmarks/Minum Obat Batuk_7.parquet,obat,32
,data/jafar/raw_landmarks/Minum Obat Batuk_10.parquet,obat,34
,data/jafar/raw_landmarks/Minum Obat Batuk_13.parquet,obat,31
,data/jafar/raw_landmarks/Minum Obat Demam_4.parquet,obat,30
,data/jafar/raw_landmarks/Minum Obat Demam_7.parquet,obat,30
,data/jafar/raw_landmarks/Minum Obat Demam_10.parquet,obat,30
,data/jafar/raw_landmarks/Minum Obat Demam_13.parquet,obat,31
,data/jafar/raw_landmarks/Resep Obat Sakit Gigi_5.parquet,obat,34
,data/jafar/raw_landmarks/Resep Obat Sakit Gigi_13.parquet,obat,35
,data/jafar/raw_landmarks/Resep Obat Sakit Kepala_9.parquet,obat,31
,data/jafar/raw_landmarks/Resep Obat Sakit Kepala_17.parquet,obat,31
,data/jafar/raw_landmarks/Resep Obat Sakit Kepala_21.parquet,obat,31
,data/jafar/raw_landmarks/Resep Obat Sakit Perut_1.parquet,obat,31
,data/jafar/raw_landmarks/Resep Obat Sakit Perut_5.parquet,obat,30
,data/jafar/raw_landmarks/Resep Obat Sakit Perut_9.parquet,obat,31
,data/jafar/raw_landmarks/Resep Obat Sakit Perut_17.parquet,obat,32
,data/jafar/raw_landmarks/Resep Obat Batuk_4.parquet,obat,34
,data/jafar/raw_landmarks/Resep Obat Batuk_7.parquet,obat,34
,data/jafar/raw_landmarks/Resep Obat Batuk_10.parquet,obat,31
,data/jafar/raw_landmarks/Resep Obat Batuk_13.parquet,obat,32
,data/jafar/raw_landmarks/Resep Obat Demam_1.parquet,obat,33
,data/jafar/raw_landmarks/Resep Obat Demam_4.parquet,obat,35
,data/jafar/raw_landmarks/Resep Obat Demam_7.parquet,obat,33
,data/jafar/raw_landmarks/Resep Obat Demam_10.parquet,obat,31
,data/jafar/raw_landmarks/Resep Obat Demam_13.parquet,obat,33
,data/joy/raw_landmarks/Resep Obat Batuk_1.parquet,obat,31
,data/joy/raw_landmarks/Resep Obat Batuk_7.parquet,obat,30
,data/joy/raw_landmarks/Resep Obat Sakit Gigi_1.parquet,obat,35
,data/joy/raw_landmarks/Resep Obat Sakit Gigi_5.parquet,obat,32
,data/joy/raw_landmarks/Resep Obat Sakit Gigi_8.parquet,obat,32
,data/joy/raw_landmarks/Resep Obat Sakit Gigi_16.parquet,obat,34
,data/joy/raw_landmarks/Resep Obat Sakit Kepala_1.parquet,obat,35
,data/joy/raw_landmarks/Resep Obat Sakit Kepala_5.parquet,obat,31
,data/joy/raw_landmarks/Resep Obat Sakit Perut_1.parquet,obat,31
,data/joy/raw_landmarks/Resep Obat Sakit Perut_9.parquet,obat,31
,data/joy/raw_landmarks/Resep Obat Demam_16.parquet,obat,34
,data/labob/raw_landmarks/Minum Obat Sakit Perut_1.parquet,obat,32
,data/labob/raw_landmarks/Minum Obat Demam_1.parquet,obat,35
,data/labob/raw_landmarks/Resep Obat Batuk_7.parquet,obat,33
,data/labob/raw_landmarks/Resep Obat Batuk_13.parquet,obat,34
,data/rifky/raw_landmarks/Minum Obat Saki Gigi_17.parquet,obat,30
,data/rifky/raw_landmarks/Minum Obat Sakit Kepala_5.parquet,obat,30
,data/yero/raw_landmarks/Resep Obat Batuk_1.parquet,obat,30
,data/yero/raw_landmarks/Resep Obat Sakit Kepala_5.parquet,obat,34
,data/yero/raw_landmarks/Resep Obat Sakit Kepala_9.parquet,obat,32
,data/yero/raw_landmarks/Resep Obat Sakit Perut_4.parquet,obat,31
,data/yero/raw_landmarks/Resep Obat Sakit Perut_8.parquet,obat,31
,data/yero/raw_landmarks/Resep Obat Sakit Perut_12.parquet,obat,30
,data/yero/raw_landmarks/Resep Obat Sakit Perut_16.parquet,obat,32
,data/yero/raw_landmarks/Resep Obat Sakit Gigi_18.parquet,obat,32
,data/yero/raw_landmarks/Minum Obat Batuk_4.parquet,obat,35
,data/abyan/raw_landmarks/Minum Obat Sakit Perut_2.parquet,sakit,35
,data/abyan/raw_landmarks/Minum Obat Sakit Perut_10.parquet,sakit,35
,data/abyan/raw_landmarks/Resep Obat Sakit Gigi_15.parquet,sakit,34
,data/abyan/raw_landmarks/Resep Obat Sakit Kepala_2.parquet,sakit,31
,data/abyan/raw_landmarks/Resep Obat Sakit Kepala_10.parquet,sakit,37
,data/abyan/raw_landmarks/Minum Obat Sakit Kepala_2.parquet,sakit,32
,data/abyan/raw_landmarks/Minum Obat Sakit Kepala_10.parquet,sakit,33
,data/abyan/raw_landmarks/Minum Obat Sakit Kepala_14.parquet,sakit,30
,data/abyan/raw_landmarks/Minum Obat Sakit Kepala_18.parquet,sakit,33
,data/abyan/raw_landmarks/Minum Obat Sakit Gigi_2.parquet,sakit,33
,data/abyan/raw_landmarks/Minum Obat Sakit Gigi_6.parquet,sakit,38
,data/abyan/raw_landmarks/Minum Obat Sakit Gigi_10.parquet,sakit,31
,data/abyan/raw_landmarks/Minum Obat Sakit Gigi_14.parquet,sakit,36
,data/abyan/raw_landmarks/Minum Obat Sakit Gigi_18.parquet,sakit,38
,data/abyan/raw_landmarks/Resep Obat Sakit Kepala 2_2.parquet,sakit,32
,data/abyan/raw_landmarks/Resep Obat Sakit Kepala 2_6.parquet,sakit,34
,data/abyan/raw_landmarks/Resep Obat Sakit Kepala 2_10.parquet,sakit,33
,data/abyan/raw_landmarks/Resep Obat Sakit Perut_2.parquet,sakit,33
,data/abyan/raw_landmarks/Resep Obat Sakit Perut_6.parquet,sakit,33
,data/abyan/raw_landmarks/Resep Obat Sakit Perut_10.parquet,sakit,36
,data/abyan/raw_landmarks/Resep Obat Sakit Perut_18.parquet,sakit,36
,data/dani/raw_landmarks/Minum Obat Sakit Perut_2.parquet,sakit,37
,data/dani/raw_landmarks/Minum Obat Sakit Gigi_25.parquet,sakit,38
,data/dani/raw_landmarks/Minum Obat Sakit Kepala_14.parquet,sakit,36
,data/dani/raw_landmarks/Minum Obat Sakit Kepala_18.parquet,sakit,34
,data/dani/raw_landmarks/Resep Obat Sakit Kepala_10.parquet,sakit,33
,data/dani/raw_landmarks/Resep Obat Sakit Perut_2.parquet,sakit,34
,data/dani/raw_landmarks/Resep Obat Sakit Perut_6.parquet,sakit,38
,data/dani/raw_landmarks/Resep Obat Sakit Perut_10.parquet,sakit,32
,data/dani/raw_landmarks/Resep Obat Sakit Perut_13.parquet,sakit,38
,data/dani/raw_landmarks/Resep Obat Sakit Perut_21.parquet,sakit,37
,data/dzikri/raw_landmarks/Minum Obat Sakit Kepala_2.parquet,sakit,30
,data/dzikri/raw_landmarks/Minum Obat Sakit Kepala_6.parquet,sakit,32
,data/dzikri/raw_landmarks/Minum Obat Sakit Perut_14.parquet,sakit,30
,data/dzikri/raw_landmarks/Minum Obat Sakit Gigi_2.parquet,sakit,30
,data/dzikri/raw_landmarks/Minum Obat Sakit Gigi_18.parquet,sakit,30
,data/dzikri/raw_landmarks/Resep Obat Sakit Perut_2.parquet,sakit,33
,data/dzikri/raw_landmarks/Resep Obat Sakit Perut_6.parquet,sakit,31
,data/dzikri/raw_landmarks/Resep Obat Sakit Perut_14.parquet,sakit,34
,data/dzikri/raw_landmarks/Resep Obat Sakit Perut_22.parquet,sakit,32
,data/dzikri/raw_landmarks/Resep Obat Sakit Gigi_2.parquet,sakit,33
,data/dzikri/raw_landmarks/Resep Obat Sakit Gigi_6.parquet,sakit,35
,data/dzikri/raw_landmarks/Resep Obat Sakit Gigi_10.parquet,sakit,37
,data/dzikri/raw_landmarks/Resep Obat Sakit Gigi_14.parquet,sakit,35
,data/dzikri/raw_landmarks/Resep Obat Sakit Gigi_18.parquet,sakit,34
,data/dzikri/raw_landmarks/Resep Obat Sakit Kepala_2.parquet,sakit,30
,data/dzikri/raw_landmarks/Resep Obat Sakit Kepala_22.parquet,sakit,30
,data/dzikri/raw_landmarks/Resep Obat Sakit Kepala_26.parquet,sakit,31
,data/imam/raw_landmarks/Minum Obat Sakit Perut_14.parquet,sakit,38
,data/imam/raw_landmarks/Resep Obat Sakit Gigi_2.parquet,sakit,37
,data/imam/raw_landmarks/Resep Obat Sakit Gigi_18.parquet,sakit,38
,data/imam/raw_landmarks/Resep Obat Sakit Gigi_22.parquet,sakit,38
,data/imam/raw_landmarks/Resep Obat Sakit Kepala_6.parquet,sakit,36
,data/imam/raw_landmarks/Resep Obat Sakit Perut_22.parquet,sakit,38
,data/jafar/raw_landmarks/Minum Obat Sakit Gigi_13.parquet,sakit,37
,data/jafar/raw_landmarks/Minum Obat Sakit Gigi_16.parquet,sakit,37
,data/jafar/raw_landmarks/Minum Obat Sakit Gigi_20.parquet,sakit,36
,data/joy/raw_landmarks/Resep Obat Sakit Perut_14.parquet,sakit,34
,data/labob/raw_landmarks/Minum Obat Sakit Gigi_2.parquet,sakit,38
,data/labob/raw_landmarks/Minum Obat Sakit Gigi_6.parquet,sakit,35
,data/labob/raw_landmarks/Minum Obat Sakit Gigi_10.parquet,sakit,33
,data/labob/raw_landmarks/Minum Obat Sakit Gigi_14.parquet,sakit,33
,data/labob/raw_landmarks/Minum Obat Sakit Gigi_18.parquet,sakit,30
,data/labob/raw_landmarks/Minum Obat Sakit Kepala_2.parquet,sakit,37
,data/labob/raw_landmarks/Minum Obat Sakit Kepala_6.parquet,sakit,35
,data/labob/raw_landmarks/Minum Obat Sakit Kepala_10.parquet,sakit,31
,data/labob/raw_landmarks/Minum Obat Sakit Kepala_14.parquet,sakit,31
,data/labob/raw_landmarks/Minum Obat Sakit Kepala_18.parquet,sakit,30
,data/labob/raw_landmarks/Resep Obat Sakit Perut_2.parquet,sakit,37
,data/labob/raw_landmarks/Resep Obat Sakit Perut_5.parquet,sakit,36
,data/labob/raw_landmarks/Resep Obat Sakit Perut_9.parquet,sakit,33
,data/labob/raw_landmarks/Resep Obat Sakit Perut_13.parquet,sakit,35
,data/labob/raw_landmarks/Resep Obat Sakit Gigi_2.parquet,sakit,33
,data/labob/raw_landmarks/Resep Obat Sakit Gigi_14.parquet,sakit,37
,data/labob/raw_landmarks/Resep Obat Sakit Kepala_2.parquet,sakit,35
,data/labob/raw_landmarks/Resep Obat Sakit Kepala_6.parquet,sakit,38
,data/labob/raw_landmarks/Resep Obat Sakit Kepala_10.parquet,sakit,37
,data/labob/raw_landmarks/Resep Obat Sakit Kepala_18.parquet,sakit,35
,data/labob/raw_landmarks/Resep Obat Sakit Kepala_22.parquet,sakit,38
,data/rifky/raw_landmarks/Minum Obat Saki Gigi_14.parquet,sakit,30
,data/rifky/raw_landmarks/Minum Obat Sakit Kepala_2.parquet,sakit,36
,data/rifky/raw_landmarks/Minum Obat Sakit Kepala_10.parquet,sakit,30
,data/rifky/raw_landmarks/Minum Obat Sakit Kepala_14.parquet,sakit,32
,data/rifky/raw_landmarks/Minum Obat Sakit Kepala_22.parquet,sakit,36
,data/rifky/raw_landmarks/Minum Obat Sakit Perut_2.parquet,sakit,31
,data/rifky/raw_landmarks/Minum Obat Sakit Perut_6.parquet,sakit,30
,data/rifky/raw_landmarks/Minum Obat Sakit Perut_22.parquet,sakit,34
,data/rifky/raw_landmarks/Resep Obat Sakit Gigi_2.parquet,sakit,33
,data/rifky/raw_landmarks/Resep Obat Sakit Gigi_6.parquet,sakit,30
,data/rifky/raw_landmarks/Resep Obat Sakit Gigi_10.parquet,sakit,31
,data/rifky/raw_landmarks/Resep Obat Sakit Gigi_14.parquet,sakit,30
,data/rifky/raw_landmarks/Resep Obat Sakit Gigi_18.parquet,sakit,31
,data/rifky/raw_landmarks/Resep Obat Sakit Kepala_2.parquet,sakit,32
,data/rifky/raw_landmarks/Resep Obat Sakit Kepala_21.parquet,sakit,32
,data/rifky/raw_landmarks/Resep Obat Sakit Perut_6.parquet,sakit,32
,data/wildan/raw_landmarks/Minum Obat Sakit Gigi_2.parquet,sakit,33
,data/wildan/raw_landmarks/Minum Obat Sakit Kepala_16.parquet,sakit,30
,data/wildan/raw_landmarks/Minum Obat Sakit Perut_17.parquet,sakit,30
,data/wildan/raw_landmarks/Resep Obat Sakit Gigi_10.parquet,sakit,32
,data/wildan/raw_landmarks/Resep Obat Sakit Perut_2.parquet,sakit,33
,data/wildan/raw_landmarks/Resep Obat Sakit Perut_18.parquet,sakit,34
,data/yero/raw_landmarks/Minum Obat Sakit Perut_2.parquet,sakit,30
,data/yero/raw_landmarks/Resep Obat Sakit Kepala_2.parquet,sakit,30
,data/yero/raw_landmarks/Resep Obat Sakit Kepala_6.parquet,sakit,35
,data/yero/raw_landmarks/Resep Obat Sakit Kepala_10.parquet,sakit,37
,data/yero/raw_landmarks/Resep Obat Sakit Kepala_14.parquet,sakit,33
,data/yero/raw_landmarks/Resep Obat Sakit Kepala_18.parquet,sakit,37
,data/yero/raw_landmarks/Resep Obat Sakit Perut_5.parquet,sakit,36
,data/yero/raw_landmarks/Resep Obat Sakit Perut_9.parquet,sakit,32
,data/yero/raw_landmarks/Resep Obat Sakit Perut_17.parquet,sakit,31
,data/yero/raw_landmarks/Resep Obat Sakit Perut_21.parquet,sakit,31
,data/yero/raw_landmarks/Minum Obat Saki Gigi_14.parquet,sakit,30
,data/yero/raw_landmarks/Minum Obat Saki Gigi_22.parquet,sakit,33
,data/abyan/raw_landmarks/Minum Obat Sakit Perut_4.parquet,minum,34
,data/abyan/raw_landmarks/Minum Obat Sakit Perut_8.parquet,minum,39
,data/abyan/raw_landmarks/Minum Obat Sakit Perut_16.parquet,minum,40
,data/abyan/raw_landmarks/Minum Obat Demam_9.parquet,minum,39
,data/abyan/raw_landmarks/Minum Obat Demam_12.parquet,minum,37
,data/abyan/raw_landmarks/Minum Obat Demam_15.parquet,minum,41
,data/abyan/raw_landmarks/Minum Obat Sakit Kepala_0.parquet,minum,33
,data/abyan/raw_landmarks/Minum Obat Sakit Kepala_4.parquet,minum,33
,data/abyan/raw_landmarks/Minum Obat Sakit Kepala_8.parquet,minum,39
,data/abyan/raw_landmarks/Minum Obat Sakit Kepala_12.parquet,minum,31
,data/abyan/raw_landmarks/Minum Obat Sakit Kepala_16.parquet,minum,33
,data/abyan/raw_landmarks/Minum Obat Sakit Gigi_4.parquet,minum,39
,data/abyan/raw_landmarks/Minum Obat Sakit Gigi_8.parquet,minum,36
,data/abyan/raw_landmarks/Minum Obat Sakit Gigi_12.parquet,minum,35
,data/abyan/raw_landmarks/Minum Obat Sakit Gigi_16.parquet,minum,39
,data/abyan/raw_landmarks/Minum Obat Batuk_3.parquet,minum,39
,data/abyan/raw_landmarks/Minum Obat Batuk_6.parquet,minum,36
,data/abyan/raw_landmarks/Minum Obat Batuk_9.parquet,minum,39
,data/abyan/raw_landmarks/Minum Obat Batuk_15.parquet,minum,39
,data/dani/raw_landmarks/Minum Obat Sakit Perut_0.parquet,minum,41
,data/dani/raw_landmarks/Minum Obat Sakit Perut_4.parquet,minum,34
,data/dani/raw_landmarks/Minum Obat Sakit Perut_8.parquet,minum,41
,data/dani/raw_landmarks/Minum Obat Sakit Perut_16.parquet,minum,40
,data/dani/raw_landmarks/Minum Obat Sakit Perut_20.parquet,minum,35
,data/dani/raw_landmarks/Minum Obat Batuk_0.parquet,minum,38
,data/dani/raw_landmarks/Minum Obat Batuk_3.parquet,minum,40
,data/dani/raw_landmarks/Minum Obat Batuk_15.parquet,minum,36
,data/dani/raw_landmarks/Minum Obat Batuk_18.parquet,minum,41
,data/dani/raw_landmarks/Minum Obat Demam_0.parquet,minum,33
,data/dani/raw_landmarks/Minum Obat Demam_3.parquet,minum,36
,data/dani/raw_landmarks/Minum Obat Demam_6.parquet,minum,37
,data/dani/raw_landmarks/Minum Obat Demam_12.parquet,minum,38
,data/dani/raw_landmarks/Minum Obat Demam_18.parquet,minum,35
,data/dani/raw_landmarks/Minum Obat Sakit Gigi_0.parquet,minum,36
,data/dani/raw_landmarks/Minum Obat Sakit Gigi_4.parquet,minum,41
,data/dani/raw_landmarks/Minum Obat Sakit Gigi_15.parquet,minum,37
,data/dani/raw_landmarks/Minum Obat Sakit Kepala_0.parquet,minum,34
,data/dani/raw_landmarks/Minum Obat Sakit Kepala_4.parquet,minum,35
,data/dani/raw_landmarks/Minum Obat Sakit Kepala_8.parquet,minum,36
,data/dani/raw_landmarks/Minum Obat Sakit Kepala_12.parquet,minum,34
,data/dani/raw_landmarks/Minum Obat Sakit Kepala_16.parquet,minum,32
,data/dzikri/raw_landmarks/Minum Obat Sakit Kepala_16.parquet,minum,40
,data/dzikri/raw_landmarks/Minum Obat Sakit Perut_4.parquet,minum,38
,data/dzikri/raw_landmarks/Minum Obat Sakit Perut_8.parquet,minum,38
,data/dzikri/raw_landmarks/Minum Obat Sakit Perut_12.parquet,minum,38
,data/dzikri/raw_landmarks/Minum Obat Sakit Perut_16.parquet,minum,38
,data/dzikri/raw_landmarks/Minum Obat Sakit Perut_20.parquet,minum,38
,data/dzikri/raw_landmarks/Minum Obat Batuk_3.parquet,minum,41
,data/dzikri/raw_landmarks/Minum Obat Batuk_9.parquet,minum,37
,data/dzikri/raw_landmarks/Minum Obat Batuk_12.parquet,minum,38
,data/dzikri/raw_landmarks/Minum Obat Demam_0.parquet,minum,40
,data/dzikri/raw_landmarks/Minum Obat Demam_3.parquet,minum,38
,data/dzikri/raw_landmarks/Minum Obat Sakit Gigi_12.parquet,minum,41
,data/dzikri/raw_landmarks/Minum Obat Sakit Gigi_16.parquet,minum,41
,data/dzikri/raw_landmarks/Minum Obat Sakit Gigi_20.parquet,minum,37
,data/imam/raw_landmarks/Minum Obat Sakit Kepala_16.parquet,minum,39
,data/imam/raw_landmarks/Minum Obat Batuk_3.parquet,minum,37
,data/imam/raw_landmarks/Minum Obat Batuk_12.parquet,minum,41
,data/jafar/raw_landmarks/Minum Obat Sakit Gigi_4.parquet,minum,38
,data/jafar/raw_landmarks/Minum Obat Sakit Gigi_8.parquet,minum,37
,data/jafar/raw_landmarks/Minum Obat Sakit Perut_8.parquet,minum,41
,data/jafar/raw_landmarks/Minum Obat Batuk_0.parquet,minum,38
,data/jafar/raw_landmarks/Minum Obat Batuk_3.parquet,minum,39
,data/jafar/raw_landmarks/Minum Obat Batuk_6.parquet,minum,41
,data/jafar/raw_landmarks/Minum Obat Batuk_9.parquet,minum,36
,data/jafar/raw_landmarks/Minum Obat Batuk_12.parquet,minum,39
,data/joy/raw_landmarks/Minum Obat Sakit Gigi_0.parquet,minum,41
,data/rifky/raw_landmarks/Minum Obat Saki Gigi_8.parquet,minum,34
,data/rifky/raw_landmarks/Minum Obat Saki Gigi_12.parquet,minum,34
,data/rifky/raw_landmarks/Minum Obat Saki Gigi_16.parquet,minum,32
,data/rifky/raw_landmarks/Minum Obat Saki Gigi_20.parquet,minum,34
,data/rifky/raw_landmarks/Minum Obat Sakit Kepala_0.parquet,minum,40
,data/rifky/raw_landmarks/Minum Obat Sakit Kepala_4.parquet,minum,36
,data/rifky/raw_landmarks/Minum Obat Sakit Kepala_8.parquet,minum,41
,data/rifky/raw_landmarks/Minum Obat Sakit Kepala_12.parquet,minum,34
,data/rifky/raw_landmarks/Minum Obat Sakit Kepala_16.parquet,minum,33
,data/rifky/raw_landmarks/Minum Obat Sakit Kepala_20.parquet,minum,32
,data/rifky/raw_landmarks/Minum Obat Sakit Perut_0.parquet,minum,37
,data/rifky/raw_landmarks/Minum Obat Sakit Perut_4.parquet,minum,39
,data/rifky/raw_landmarks/Minum Obat Sakit Perut_8.parquet,minum,39
,data/rifky/raw_landmarks/Minum Obat Sakit Perut_12.parquet,minum,36
,data/rifky/raw_landmarks/Minum Obat Sakit Perut_16.parquet,minum,33
,data/rifky/raw_landmarks/Minum Obat Sakit Perut_20.parquet,minum,37
,data/rifky/raw_landmarks/Minum Obat Sakit Perut_24.parquet,minum,36
,data/rifky/raw_landmarks/Minum Obat Batuk_0.parquet,minum,33
,data/rifky/raw_landmarks/Minum Obat Batuk_3.parquet,minum,36
,data/rifky/raw_landmarks/Minum Obat Batuk_6.parquet,minum,36
,data/rifky/raw_landmarks/Minum Obat Batuk_9.parquet,minum,34
,data/rifky/raw_landmarks/Minum Obat Batuk_12.parquet,minum,35
,data/rifky/raw_landmarks/Minum Obat Batuk_15.parquet,minum,34
,data/rifky/raw_landmarks/Minum Obat Demam_0.parquet,minum,34
,data/rifky/raw_landmarks/Minum Obat Demam_3.parquet,minum,36
,data/rifky/raw_landmarks/Minum Obat Demam_6.parquet,minum,38
,data/rifky/raw_landmarks/Minum Obat Demam_9.parquet,minum,41
,data/rifky/raw_landmarks/Minum Obat Demam_12.parquet,minum,37
,data/wildan/raw_landmarks/Minum Obat Sakit Gigi_0.parquet,minum,34
,data/wildan/raw_landmarks/Minum Obat Sakit Gigi_12.parquet,minum,35
,data/wildan/raw_landmarks/Minum Obat Sakit Gigi_16.parquet,minum,38
,data/wildan/raw_landmarks/Minum Obat Sakit Kepala_0.parquet,minum,31
,data/wildan/raw_landmarks/Minum Obat Sakit Kepala_18.parquet,minum,32
,data/wildan/raw_landmarks/Minum Obat Sakit Kepala_22.parquet,minum,33
,data/wildan/raw_landmarks/Minum Obat Sakit Perut_0.parquet,minum,39
,data/wildan/raw_landmarks/Minum Obat Sakit Perut_15.parquet,minum,40
,data/wildan/raw_landmarks/Minum Obat Sakit Perut_19.parquet,minum,33
,data/wildan/raw_landmarks/Minum Obat Batuk_3.parquet,minum,35
,data/wildan/raw_landmarks/Minum Obat Batuk_6.parquet,minum,33
,data/wildan/raw_landmarks/Minum Obat Batuk_12.parquet,minum,31
,data/wildan/raw_landmarks/Minum Obat Batuk_15.parquet,minum,34
,data/wildan/raw_landmarks/Minum Obat Demam_3.parquet,minum,31
,data/wildan/raw_landmarks/Minum Obat Demam_6.parquet,minum,35
,data/wildan/raw_landmarks/Minum Obat Demam_9.parquet,minum,34
,data/wildan/raw_landmarks/Minum Obat Demam_12.parquet,minum,37
,data/yero/raw_landmarks/Minum Obat Demam_12.parquet,minum,31
,data/yero/raw_landmarks/Minum Obat Batuk_0.parquet,minum,35
,data/yero/raw_landmarks/Minum Obat Batuk_6.parquet,minum,39
,data/yero/raw_landmarks/Minum Obat Batuk_12.parquet,minum,34
,data/abyan/raw_landmarks/Resep Obat Demam_3.parquet,resep,35
,data/abyan/raw_landmarks/Resep Obat Demam_6.parquet,resep,34
,data/abyan/raw_landmarks/Resep Obat Demam_9.parquet,resep,38
,data/abyan/raw_landmarks/Resep Obat Demam_15.parquet,resep,35
,data/abyan/raw_landmarks/Resep Obat Sakit Gigi_4.parquet,resep,38
,data/abyan/raw_landmarks/Resep Obat Sakit Gigi_17.parquet,resep,37
,data/abyan/raw_landmarks/Resep Obat Sakit Kepala_4.parquet,resep,32
,data/abyan/raw_landmarks/Resep Obat Batuk_0.parquet,resep,37
,data/abyan/raw_landmarks/Resep Obat Batuk_3.parquet,resep,38
,data/abyan/raw_landmarks/Resep Obat Batuk_6.parquet,resep,35
,data/abyan/raw_landmarks/Resep Obat Sakit Kepala 2_0.parquet,resep,37
,data/abyan/raw_landmarks/Resep Obat Sakit Kepala 2_4.parquet,resep,33
,data/abyan/raw_landmarks/Resep Obat Sakit Perut_0.parquet,resep,34
,data/abyan/raw_landmarks/Resep Obat Sakit Perut_4.parquet,resep,34
,data/abyan/raw_landmarks/Resep Obat Sakit Perut_8.parquet,resep,33
,data/abyan/raw_landmarks/Resep Obat Sakit Perut_16.parquet,resep,34
,data/dani/raw_landmarks/Resep Obat Demam_3.parquet,resep,35
,data/dani/raw_landmarks/Resep Obat Demam_6.parquet,resep,38
,data/dani/raw_landmarks/Resep Obat Demam_9.parquet,resep,34
,data/dani/raw_landmarks/Resep Obat Demam_12.parquet,resep,35
,data/dani/raw_landmarks/Resep Obat Demam_15.parquet,resep,36
,data/dani/raw_landmarks/Resep Obat Sakit Gigi_11.parquet,resep,38
,data/dani/raw_landmarks/Resep Obat Sakit Gigi_15.parquet,resep,36
,data/dani/raw_landmarks/Resep Obat Sakit Kepala_4.parquet,resep,32
,data/dani/raw_landmarks/Resep Obat Sakit Kepala_12.parquet,resep,38
,data/dani/raw_landmarks/Resep Obat Sakit Kepala_16.parquet,resep,32
,data/dani/raw_landmarks/Resep Obat Sakit Perut_8.parquet,resep,32
,data/dani/raw_landmarks/Resep Obat Sakit Perut_15.parquet,resep,34
,data/dani/raw_landmarks/Resep Obat Sakit Perut_19.parquet,resep,32
,data/dzikri/raw_landmarks/Resep Obat Sakit Perut_5.parquet,resep,37
,data/dzikri/raw_landmarks/Resep Obat Batuk_0.parquet,resep,35
,data/dzikri/raw_landmarks/Resep Obat Batuk_3.parquet,resep,35
,data/dzikri/raw_landmarks/Resep Obat Batuk_6.parquet,resep,32
,data/dzikri/raw_landmarks/Resep Obat Batuk_9.parquet,resep,31
,data/dzikri/raw_landmarks/Resep Obat Batuk_12.parquet,resep,33
,data/dzikri/raw_landmarks/Resep Obat Batuk_15.parquet,resep,33
,data/imam/raw_landmarks/Resep Obat Sakit Gigi_0.parquet,resep,37
,data/imam/raw_landmarks/Resep Obat Sakit Gigi_4.parquet,resep,37
,data/imam/raw_landmarks/Resep Obat Sakit Gigi_8.parquet,resep,36
,data/imam/raw_landmarks/Resep Obat Sakit Gigi_12.parquet,resep,36
,data/imam/raw_landmarks/Resep Obat Sakit Gigi_16.parquet,resep,37
,data/imam/raw_landmarks/Resep Obat Sakit Kepala_8.parquet,resep,35
,data/imam/raw_landmarks/Resep Obat Sakit Kepala_12.parquet,resep,34
,data/imam/raw_landmarks/Resep Obat Sakit Kepala_16.parquet,resep,38
,data/imam/raw_landmarks/Resep Obat Sakit Kepala_20.parquet,resep,36
,data/imam/raw_landmarks/Resep Obat Sakit Perut_4.parquet,resep,35
,data/imam/raw_landmarks/Resep Obat Sakit Perut_8.parquet,resep,37
,data/imam/raw_landmarks/Resep Obat Sakit Perut_16.parquet,resep,38
,data/imam/raw_landmarks/Resep Obat Sakit Perut_20.parquet,resep,32
,data/imam/raw_landmarks/Resep Obat Batuk_0.parquet,resep,33
,data/imam/raw_landmarks/Resep Obat Batuk_12.parquet,resep,36
,data/imam/raw_landmarks/Resep Obat Demam_0.parquet,resep,32
,data/imam/raw_landmarks/Resep Obat Demam_3.parquet,resep,38
,data/imam/raw_landmarks/Resep Obat Demam_6.parquet,resep,35
,data/imam/raw_landmarks/Resep Obat Demam_9.parquet,resep,33
,data/imam/raw_landmarks/Resep Obat Demam_12.parquet,resep,36
,data/imam/raw_landmarks/Resep Obat Demam_15.parquet,resep,35
,data/jafar/raw_landmarks/Resep Obat Sakit Kepala_8.parquet,resep,32
,data/jafar/raw_landmarks/Resep Obat Sakit Kepala_12.parquet,resep,32
,data/jafar/raw_landmarks/Resep Obat Sakit Kepala_16.parquet,resep,34
,data/jafar/raw_landmarks/Resep Obat Sakit Kepala_20.parquet,resep,36
,data/jafar/raw_landmarks/Resep Obat Sakit Perut_8.parquet,resep,31
,data/jafar/raw_landmarks/Resep Obat Sakit Perut_12.parquet,resep,35
,data/jafar/raw_landmarks/Resep Obat Sakit Perut_16.parquet,resep,31
,data/jafar/raw_landmarks/Resep Obat Demam_0.parquet,resep,37
,data/jafar/raw_landmarks/Resep Obat Demam_3.parquet,resep,37
,data/jafar/raw_landmarks/Resep Obat Demam_9.parquet,resep,37
,data/jafar/raw_landmarks/Resep Obat Demam_12.parquet,resep,34
,data/joy/raw_landmarks/Resep Obat Batuk_0.parquet,resep,37
,data/joy/raw_landmarks/Resep Obat Batuk_9.parquet,resep,36
,data/joy/raw_landmarks/Resep Obat Batuk_12.parquet,resep,35
,data/joy/raw_landmarks/Resep Obat Sakit Gigi_7.parquet,resep,38
,data/joy/raw_landmarks/Resep Obat Sakit Gigi_11.parquet,resep,38
,data/joy/raw_landmarks/Resep Obat Sakit Kepala_0.parquet,resep,38
,data/joy/raw_landmarks/Resep Obat Sakit Kepala_4.parquet,resep,37
,data/joy/raw_landmarks/Resep Obat Demam_3.parquet,resep,33
,data/joy/raw_landmarks/Resep Obat Demam_12.parquet,resep,38
,data/joy/raw_landmarks/Resep Obat Demam_18.parquet,resep,34
,data/labob/raw_landmarks/Resep Obat Sakit Perut_0.parquet,resep,36
,data/labob/raw_landmarks/Resep Obat Sakit Perut_3.parquet,resep,35
,data/labob/raw_landmarks/Resep Obat Sakit Perut_7.parquet,resep,36
,data/labob/raw_landmarks/Resep Obat Sakit Perut_11.parquet,resep,37
,data/labob/raw_landmarks/Resep Obat Sakit Perut_15.parquet,resep,32
,data/labob/raw_landmarks/Resep Obat Batuk_9.parquet,resep,38
,data/labob/raw_landmarks/Resep Obat Demam_3.parquet,resep,37
,data/labob/raw_landmarks/Resep Obat Sakit Gigi_12.parquet,resep,36
,data/labob/raw_landmarks/Resep Obat Sakit Kepala_16.parquet,resep,37
,data/rifky/raw_landmarks/Resep Obat Sakit Gigi_8.parquet,resep,37
,data/rifky/raw_landmarks/Resep Obat Sakit Gigi_12.parquet,resep,35
,data/rifky/raw_landmarks/Resep Obat Sakit Gigi_16.parquet,resep,33
,data/rifky/raw_landmarks/Resep Obat Sakit Kepala_4.parquet,resep,34
,data/rifky/raw_landmarks/Resep Obat Batuk_0.parquet,resep,37
,data/rifky/raw_landmarks/Resep Obat Batuk_3.parquet,resep,34
,data/rifky/raw_landmarks/Resep Obat Batuk_6.parquet,resep,33
,data/rifky/raw_landmarks/Resep Obat Batuk_9.parquet,resep,31
,data/rifky/raw_landmarks/Resep Obat Demam_6.parquet,resep,35
,data/rifky/raw_landmarks/Resep Obat Demam_9.parquet,resep,32
,data/rifky/raw_landmarks/Resep Obat Demam_12.parquet,resep,36
,data/wildan/raw_landmarks/Resep Obat Sakit Kepala_4.parquet,resep,38
,data/yero/raw_landmarks/Resep Obat Batuk_0.parquet,resep,32
,data/yero/raw_landmarks/Resep Obat Batuk_11.parquet,resep,36
,data/yero/raw_landmarks/Resep Obat Sakit Kepala_0.parquet,resep,33
,data/yero/raw_landmarks/Resep Obat Sakit Kepala_8.parquet,resep,36
,data/yero/raw_landmarks/Resep Obat Sakit Kepala_16.parquet,resep,31
,data/yero/raw_landmarks/Resep Obat Sakit Perut_3.parquet,resep,36
,data/yero/raw_landmarks/Resep Obat Sakit Perut_7.parquet,resep,35
,data/yero/raw_landmarks/Resep Obat Sakit Perut_11.parquet,resep,36
,data/yero/raw_landmarks/Resep Obat Sakit Perut_15.parquet,resep,34
,data/yero/raw_landmarks/Resep Obat Sakit Perut_19.parquet,resep,34
,data/yero/raw_landmarks/Resep Obat Demam_3.parquet,resep,31
,data/yero/raw_landmarks/Resep Obat Sakit Gigi_3.parquet,resep,32
,data/yero/raw_landmarks/Resep Obat Sakit Gigi_6.parquet,resep,36
,data/yero/raw_landmarks/Resep Obat Sakit Gigi_9.parquet,resep,37
,data/yero/raw_landmarks/Resep Obat Sakit Gigi_14.parquet,resep,35
,data/yero/raw_landmarks/Resep Obat Sakit Gigi_17.parquet,resep,34
,data/yero/raw_landmarks/Resep Obat Sakit Gigi_20.parquet,resep,36
